variant,rounds,median_of_round_medians_ms,mean_of_round_medians_ms,min_round_median_ms,max_round_median_ms
stylesheet,18,53.705885253846645,53.83167816615767,52.30570849776268,55.626834005117416
mixed,18,80.94392674788833,81.38913999994595,79.0392289981246,84.40654200315475
mixed-pr640,18,52.91508400067687,53.253085640155604,52.43808350712061,55.331478998064995
uniwind,18,88.3354272544384,88.42262727850013,83.72343749552965,91.25997900217772
uniwind-pr640,18,88.5256980061531,88.52720250065128,87.28954200446606,90.14143750071526
mixed-pro,18,79.31664574891329,79.31465969400273,77.903583496809,80.91954150050879
mixed-pro-pr640,18,53.894291754812,54.29032869512836,52.74895799160004,57.157728999853134
uniwind-pro,18,59.54379174858332,59.590555472920336,57.24716600775719,63.17968750745058
uniwind-pro-pr640,18,59.283239498734474,59.84595135847727,56.98649999499321,63.33493749797344
